Taxon	Voucher	Herbaria	Sample_Code	Seq_name	Latitude	Longitude	State/Province	Country	Nreads	SRA_accession	Run	wget from	barcode_used	rename	add_barcodes	
Lupinus alopecuroides Desr.*	N. Contreras-Ortiz 42_6	ANDES,Z	NCO42_6	L_alopecuroides_NCO42_6	4,7976	-75,3872	Risaralda	Colombia	2.718.146	SAMN05362430	SRR3748407	ftp://ftp.sra.ebi.ac.uk/vol1/fastq/SRR374/007/SRR3748407/SRR3748407.fastq.gz	AGCACTGTAGC	mv SRR3748407.fastq.gz L_alopecuroides_NCO42_6.fastq.gz	"gzip -cd L_alopecuroides_NCO42_6.fastq.gz | sed '/^@.*/a AGCACTGTAGCAATTC' | sed ':a	N	$!ba	s/AGCACTGTAGCAATTC\n/AGCACTGTAGCAATTC/g' | sed '/+/a EEEEEEEEEEEEEEEE' | sed ':a	N	$!ba	s/EEEEEEEEEEEEEEEE\n/EEEEEEEEEEEEEEEE/g' | gzip > ../barcoded/L_alopecuroides_NCO42_6.fastq.gz"	
Lupinus triananus C.P.Sm.*	N. Contreras-Ortiz 55_10	ANDES,Z	NCO55_10	L_triananus_NCO55_10	4,7135	-73,8168	Cundinamarca	Colombia	3.542.771	SAMN05362449	SRR3748429	ftp://ftp.sra.ebi.ac.uk/vol1/fastq/SRR374/009/SRR3748429/SRR3748429.fastq.gz	TGATACGTCTC	mv SRR3748429.fastq.gz L_triananus_NCO55_10.fastq.gz	"gzip -cd L_triananus_NCO55_10.fastq.gz | sed '/^@.*/a TGATACGTCTCAATTC' | sed ':a	N	$!ba	s/TGATACGTCTCAATTC\n/TGATACGTCTCAATTC/g' | sed '/+/a EEEEEEEEEEEEEEEE' | sed ':a	N	$!ba	s/EEEEEEEEEEEEEEEE\n/EEEEEEEEEEEEEEEE/g' | gzip > ../barcoded/L_triananus_NCO55_10.fastq.gz"	
Lupinus alopecuroides Desr.*	N. Contreras-Ortiz 42_5	ANDES,Z	NCO42_5	L_alopecuroides_NCO42_5	4,7976	-75,3872	Risaralda	Colombia	1.696.944	SAMN05362429	SRR3748406	ftp://ftp.sra.ebi.ac.uk/vol1/fastq/SRR374/006/SRR3748406/SRR3748406.fastq.gz	ATACGACGTAC	mv SRR3748406.fastq.gz L_alopecuroides_NCO42_5.fastq.gz	"gzip -cd L_alopecuroides_NCO42_5.fastq.gz | sed '/^@.*/a ATACGACGTACAATTC' | sed ':a	N	$!ba	s/ATACGACGTACAATTC\n/ATACGACGTACAATTC/g' | sed '/+/a EEEEEEEEEEEEEEEE' | sed ':a	N	$!ba	s/EEEEEEEEEEEEEEEE\n/EEEEEEEEEEEEEEEE/g' | gzip > ../../barcoded/L_alopecuroides_NCO42_5.fastq.gz"	
Lupinus alopecuroides Desr.*	N. Contreras-Ortiz 42_7	ANDES,Z	NCO42_7	L_alopecuroides_NCO42_7	4,7976	-75,3872	Risaralda	Colombia	2.166.698	SAMN05362431	SRR3748408	ftp://ftp.sra.ebi.ac.uk/vol1/fastq/SRR374/008/SRR3748408/SRR3748408.fastq.gz	TCACGTACTAC	mv SRR3748408.fastq.gz L_alopecuroides_NCO42_7.fastq.gz	"gzip -cd L_alopecuroides_NCO42_7.fastq.gz | sed '/^@.*/a TCACGTACTACAATTC' | sed ':a	N	$!ba	s/TCACGTACTACAATTC\n/TCACGTACTACAATTC/g' | sed '/+/a EEEEEEEEEEEEEEEE' | sed ':a	N	$!ba	s/EEEEEEEEEEEEEEEE\n/EEEEEEEEEEEEEEEE/g' | gzip > ../../barcoded/L_alopecuroides_NCO42_7.fastq.gz"	
Lupinus alopecuroides Desr.*	N. Contreras-Ortiz 42_9	ANDES,Z	NCO42_9	L_alopecuroides_NCO42_9	4,7976	-75,3872	Risaralda	Colombia	2.317.074	SAMN05362433	SRR3748411	ftp://ftp.sra.ebi.ac.uk/vol1/fastq/SRR374/001/SRR3748411/SRR3748411.fastq.gz	CGTCTAGTACC	mv SRR3748411.fastq.gz L_alopecuroides_NCO42_9.fastq.gz	"gzip -cd L_alopecuroides_NCO42_9.fastq.gz | sed '/^@.*/a CGTCTAGTACCAATTC' | sed ':a	N	$!ba	s/CGTCTAGTACCAATTC\n/CGTCTAGTACCAATTC/g' | sed '/+/a EEEEEEEEEEEEEEEE' | sed ':a	N	$!ba	s/EEEEEEEEEEEEEEEE\n/EEEEEEEEEEEEEEEE/g' | gzip > ../../barcoded/L_alopecuroides_NCO42_9.fastq.gz"	
Lupinus triananus C.P.Sm.*	N. Contreras-Ortiz 55_14	ANDES,Z	NCO55_14	L_triananus_NCO55_14	4,7135	-73,8168	Cundinamarca	Colombia	2.912.261	SAMN05362453	"SRR3748434
	"	ftp://ftp.sra.ebi.ac.uk/vol1/fastq/SRR374/004/SRR3748434/SRR3748434.fastq.gz	TACGAGTATGC	"mv SRR3748434
	.fastq.gz L_triananus_NCO55_14.fastq.gz"	"gzip -cd L_triananus_NCO55_14.fastq.gz | sed '/^@.*/a TACGAGTATGCAATTC' | sed ':a	N	$!ba	s/TACGAGTATGCAATTC\n/TACGAGTATGCAATTC/g' | sed '/+/a EEEEEEEEEEEEEEEE' | sed ':a	N	$!ba	s/EEEEEEEEEEEEEEEE\n/EEEEEEEEEEEEEEEE/g' | gzip > ../../barcoded/L_triananus_NCO55_14.fastq.gz"	
Lupinus triananus C.P.Sm.*	N. Contreras-Ortiz 55_3	ANDES,Z	NCO55_3	L_triananus_NCO55_3	4,7135	-73,8168	Cundinamarca	Colombia	3.115.424	SAMN05362455	SRR3748436	ftp://ftp.sra.ebi.ac.uk/vol1/fastq/SRR374/006/SRR3748436/SRR3748436.fastq.gz	TAGAGACGAGC	mv SRR3748436.fastq.gz L_triananus_NCO55_3.fastq.gz	"gzip -cd L_triananus_NCO55_3.fastq.gz | sed '/^@.*/a TAGAGACGAGCAATTC' | sed ':a	N	$!ba	s/TAGAGACGAGCAATTC\n/TAGAGACGAGCAATTC/g' | sed '/+/a EEEEEEEEEEEEEEEE' | sed ':a	N	$!ba	s/EEEEEEEEEEEEEEEE\n/EEEEEEEEEEEEEEEE/g' | gzip > ../../barcoded/L_triananus_NCO55_3.fastq.gz"	
Lupinus triananus C.P.Sm.*	N. Contreras-Ortiz 55_4	ANDES,Z	NCO55_4	L_triananus_NCO55_4	4,7135	-73,8168	Cundinamarca	Colombia	2.500.273	SAMN05362456	"SRR3748437
	"	ftp://ftp.sra.ebi.ac.uk/vol1/fastq/SRR374/007/SRR3748437/SRR3748437.fastq.gz	TCGTCGCTCGC	"mv SRR3748437
	.fastq.gz L_triananus_NCO55_4.fastq.gz"	"gzip -cd L_triananus_NCO55_4.fastq.gz | sed '/^@.*/a TCGTCGCTCGCAATTC' | sed ':a	N	$!ba	s/TCGTCGCTCGCAATTC\n/TCGTCGCTCGCAATTC/g' | sed '/+/a EEEEEEEEEEEEEEEE' | sed ':a	N	$!ba	s/EEEEEEEEEEEEEEEE\n/EEEEEEEEEEEEEEEE/g' | gzip > ../../barcoded/L_triananus_NCO55_4.fastq.gz"	
Lupinus triananus C.P.Sm.*	N. Contreras-Ortiz 55_5	ANDES,Z	NCO55_5	L_triananus_NCO55_5	4,7135	-73,8168	Cundinamarca	Colombia	2.678.476	SAMN05362457	SRR3748438	ftp://ftp.sra.ebi.ac.uk/vol1/fastq/SRR374/008/SRR3748438/SRR3748438.fastq.gz	ACATACGCGTC	mv SRR3748438.fastq.gz L_triananus_NCO55_5.fastq.gz	"gzip -cd L_triananus_NCO55_5.fastq.gz | sed '/^@.*/a ACATACGCGTCAATTC' | sed ':a	N	$!ba	s/ACATACGCGTCAATTC\n/ACATACGCGTCAATTC/g' | sed '/+/a EEEEEEEEEEEEEEEE' | sed ':a	N	$!ba	s/EEEEEEEEEEEEEEEE\n/EEEEEEEEEEEEEEEE/g' | gzip > ../../barcoded/L_triananus_NCO55_5.fastq.gz"	
Lupinus triananus C.P.Sm.*	N. Contreras-Ortiz 55_6	ANDES,Z	NCO55_6	L_triananus_NCO55_6	4,7135	-73,8168	Cundinamarca	Colombia	2.736.890	SAMN05362458	SRR3748439	ftp://ftp.sra.ebi.ac.uk/vol1/fastq/SRR374/009/SRR3748439/SRR3748439.fastq.gz	ACGCGAGTATC	mv SRR3748439.fastq.gz L_triananus_NCO55_6.fastq.gz	"gzip -cd L_triananus_NCO55_6.fastq.gz | sed '/^@.*/a ACGCGAGTATCAATTC' | sed ':a	N	$!ba	s/ACGCGAGTATCAATTC\n/ACGCGAGTATCAATTC/g' | sed '/+/a EEEEEEEEEEEEEEEE' | sed ':a	N	$!ba	s/EEEEEEEEEEEEEEEE\n/EEEEEEEEEEEEEEEE/g' | gzip > ../../barcoded/L_triananus_NCO55_6.fastq.gz"	